course_code,course_title,course_units,requisite,section,component,class_num,avail_status,Avail.,availability,open_seat,avail_seat,waitlist,day,time,start_time,end_time,location,instructor,Begin/End Dates
110,Computer Science Principles - The Beauty and Joy of Computing,3,Restriction: Cannot have taken CSC 111 or CSC 112 or CSC 113 or CSC 114 or CSC 116 or CSC 200,1,Lec,9566,R,Reserved79/80,79/80,79,80,,M/W,10:15AM-11:30AM,10:15 AM,11:30 AM,218 111 Lampe Drive,"Price,Thomas William",08/22/22 - 12/05/22
111,Introduction to Computing: Python,3,Co-requisite: E 115 or COS 100 and MA 121 or MA 131 or MA 141,1,Lec,6668,R,Reserved119/140,119/140,119,140,,T,3:00PM-4:50PM,3:00 PM,4:50 PM,3712 Bostian Hall,"Jiao,Shuyin",08/22/22 - 12/05/22
111,Introduction to Computing: Python,3,Co-requisite: E 115 or COS 100 and MA 121 or MA 131 or MA 141,201,Lab,6699,O,Open15/35,15/35,15,35,,W,1:30PM-4:15PM,1:30 PM,4:15 PM,255 111 Lampe Drive,"Jiao,Shuyin",08/22/22 - 12/05/22
111,Introduction to Computing: Python,3,Co-requisite: E 115 or COS 100 and MA 121 or MA 131 or MA 141,202,Lab,6700,O,Open34/35,34/35,34,35,,W,4:30PM-7:15PM,4:30 PM,7:15 PM,255 111 Lampe Drive,"Jiao,Shuyin",08/22/22 - 12/05/22
111,Introduction to Computing: Python,3,Co-requisite: E 115 or COS 100 and MA 121 or MA 131 or MA 141,203,Lab,6701,O,Open35/35,35/35,35,35,,Th,7:30PM-10:15PM,7:30 PM,10:15 PM,255 111 Lampe Drive,"Jiao,Shuyin",08/22/22 - 12/05/22
111,Introduction to Computing: Python,3,Co-requisite: E 115 or COS 100 and MA 121 or MA 131 or MA 141,204,Lab,8956,O,Open35/35,35/35,35,35,,F,1:30PM-4:15PM,1:30 PM,4:15 PM,255 111 Lampe Drive,"Jiao,Shuyin",08/22/22 - 12/05/22
113,Introduction to Computing - MATLAB,3,Co-requisite: E 115 or COS 100 and MA 121 or MA 131 or MA 141,1,Lec,5636,O,Open240/255,240/255,240,255,,T,3:00PM-4:50PM,3:00 PM,4:50 PM,232A Withers Hall,"Battestilli,Tzvetelina",08/22/22 - 12/05/22
113,Introduction to Computing - MATLAB,3,Co-requisite: E 115 or COS 100 and MA 121 or MA 131 or MA 141,201,Lab,5637,O,Open38/40,38/40,38,40,,W,6:00PM-8:45PM,6:00 PM,8:45 PM,200 111 Lampe Drive,"Battestilli,Tzvetelina",08/22/22 - 12/05/22
113,Introduction to Computing - MATLAB,3,Co-requisite: E 115 or COS 100 and MA 121 or MA 131 or MA 141,202,Lab,5639,O,Open35/35,35/35,35,35,,W,7:30PM-10:15PM,7:30 PM,10:15 PM,255 111 Lampe Drive,"Battestilli,Tzvetelina",08/22/22 - 12/05/22
113,Introduction to Computing - MATLAB,3,Co-requisite: E 115 or COS 100 and MA 121 or MA 131 or MA 141,203,Lab,5640,O,Open30/35,30/35,30,35,,Th,10:15AM-1:00PM,10:15 AM,1:00 PM,255 111 Lampe Drive,"Battestilli,Tzvetelina",08/22/22 - 12/05/22
113,Introduction to Computing - MATLAB,3,Co-requisite: E 115 or COS 100 and MA 121 or MA 131 or MA 141,204,Lab,5641,O,Open29/35,29/35,29,35,,Th,1:30PM-4:15PM,1:30 PM,4:15 PM,255 111 Lampe Drive,"Battestilli,Tzvetelina",08/22/22 - 12/05/22
113,Introduction to Computing - MATLAB,3,Co-requisite: E 115 or COS 100 and MA 121 or MA 131 or MA 141,205,Lab,6703,O,Open33/35,33/35,33,35,,Th,4:30PM-7:15PM,4:30 PM,7:15 PM,255 111 Lampe Drive,"Battestilli,Tzvetelina",08/22/22 - 12/05/22
113,Introduction to Computing - MATLAB,3,Co-requisite: E 115 or COS 100 and MA 121 or MA 131 or MA 141,206,Lab,7406,O,Open40/40,40/40,40,40,,Th,6:00PM-8:45PM,6:00 PM,8:45 PM,200 111 Lampe Drive,"Battestilli,Tzvetelina",08/22/22 - 12/05/22
113,Introduction to Computing - MATLAB,3,Co-requisite: E 115 or COS 100 and MA 121 or MA 131 or MA 141,207,Lab,7890,O,Open35/35,35/35,35,35,,F,10:15AM-1:00PM,10:15 AM,1:00 PM,255 111 Lampe Drive,"Battestilli,Tzvetelina",08/22/22 - 12/05/22
116,Introduction to Computing - Java,3,Co-requisite: E 115 or COS 100 and MA 121 or MA 131 or MA 141,1,Lec,1915,O,Open40/40,40/40,40,40,,M/W,8:30AM-10:20AM,8:30 AM,10:20 AM,200 111 Lampe Drive,Staff,08/22/22 - 12/05/22
116,Introduction to Computing - Java,3,Co-requisite: E 115 or COS 100 and MA 121 or MA 131 or MA 141,2,Lec,5622,O,Open39/40,39/40,39,40,,M/W,10:40AM-12:30PM,10:40 AM,12:30 PM,200 111 Lampe Drive,"Balik,Suzanne M",08/22/22 - 12/05/22
116,Introduction to Computing - Java,3,Co-requisite: E 115 or COS 100 and MA 121 or MA 131 or MA 141,3,Lec,1916,O,Open40/40,40/40,40,40,,M/W,12:50PM-2:40PM,12:50 PM,2:40 PM,200 111 Lampe Drive,"Akram,Bita ",08/22/22 - 12/05/22
116,Introduction to Computing - Java,3,Co-requisite: E 115 or COS 100 and MA 121 or MA 131 or MA 141,4,Lec,5976,O,Open38/40,38/40,38,40,,M/W,3:00PM-4:50PM,3:00 PM,4:50 PM,200 111 Lampe Drive,"Balik,Suzanne M",08/22/22 - 12/05/22
116,Introduction to Computing - Java,3,Co-requisite: E 115 or COS 100 and MA 121 or MA 131 or MA 141,5,Lec,1917,O,Open60/60,60/60,60,60,,T/Th,8:30AM-10:20AM,8:30 AM,10:20 AM,341 111 Lampe Drive,"Schmidt,Jessica Young",08/22/22 - 12/05/22
116,Introduction to Computing - Java,3,Co-requisite: E 115 or COS 100 and MA 121 or MA 131 or MA 141,6,Lec,1918,O,Open60/60,60/60,60,60,,T/Th,10:40AM-12:30PM,10:40 AM,12:30 PM,341 111 Lampe Drive,"Schmidt,Jessica Young",08/22/22 - 12/05/22
116,Introduction to Computing - Java,3,Co-requisite: E 115 or COS 100 and MA 121 or MA 131 or MA 141,601,Lec,1919,O,Open50/50,50/50,50,50,,,TBD,TBD,TBD,Distance Education - Online,"Glatz,Michelle Anne",08/22/22 - 12/05/22
216,Software Development Fundamentals,3,Prerequisite: CSC 116 with a grade of C or better; Corequisite: CSC 217,1,Lec,1920,O,Open68/85,68/85,68,85,,M/W,10:15AM-11:30AM,10:15 AM,11:30 AM,2201 Engineering Building 3,"Heckman,Sarah Smith",08/22/22 - 12/05/22
216,Software Development Fundamentals,3,Prerequisite: CSC 116 with a grade of C or better; Corequisite: CSC 217,2,Lec,1921,O,Open332/350,332/350,332,350,,T/Th,11:45AM-1:00PM,11:45 AM,1:00 PM,1103 James B Hunt Jr Centenni,"Heckman,Sarah Smith",08/22/22 - 12/05/22
216,Software Development Fundamentals,3,Prerequisite: CSC 116 with a grade of C or better; Corequisite: CSC 217,601,Lec,10072,O,Open40/40,40/40,40,40,,,TBD,TBD,TBD,Distance Education - Online,"Heckman,Sarah SmithTetterton,James C",08/22/22 - 12/05/22
216,Software Development Fundamentals Lab,1,Prerequisite: CSC 116 with a C or better; Corequisites: CSC 216,200,Lab,11775,O,Open24/25,24/25,24,25,,M,8:30AM-10:20AM,8:30 AM,10:20 AM,1221 Engineering Building 2,"Heckman,Sarah Smith",08/22/22 - 12/05/22
216,Software Development Fundamentals Lab,1,Prerequisite: CSC 116 with a C or better; Corequisites: CSC 216,201,Lab,11859,O,Open25/25,25/25,25,25,,M,10:40AM-12:30PM,10:40 AM,12:30 PM,1221 Engineering Building 2,"Heckman,Sarah Smith",08/22/22 - 12/05/22
216,Software Development Fundamentals Lab,1,Prerequisite: CSC 116 with a C or better; Corequisites: CSC 216,202,Lab,9883,O,Open24/25,24/25,24,25,,M,12:50PM-2:40PM,12:50 PM,2:40 PM,1221 Engineering Building 2,"Heckman,Sarah Smith",08/22/22 - 12/05/22
216,Software Development Fundamentals Lab,1,Prerequisite: CSC 116 with a C or better; Corequisites: CSC 216,203,Lab,9884,O,Open16/25,16/25,16,25,,M,3:00PM-4:50PM,3:00 PM,4:50 PM,1221 Engineering Building 2,"Heckman,Sarah Smith",08/22/22 - 12/05/22
216,Software Development Fundamentals Lab,1,Prerequisite: CSC 116 with a C or better; Corequisites: CSC 216,204,Lab,9885,O,Open25/25,25/25,25,25,,M,5:20PM-7:10PM,5:20 PM,7:10 PM,1221 Engineering Building 2,"Heckman,Sarah Smith",08/22/22 - 12/05/22
216,Software Development Fundamentals Lab,1,Prerequisite: CSC 116 with a C or better; Corequisites: CSC 216,210,Lab,9886,O,Open23/25,23/25,23,25,,T,8:30AM-10:20AM,8:30 AM,10:20 AM,1221 Engineering Building 2,"Heckman,Sarah Smith",08/22/22 - 12/05/22
216,Software Development Fundamentals Lab,1,Prerequisite: CSC 116 with a C or better; Corequisites: CSC 216,211,Lab,11860,O,Open25/25,25/25,25,25,,T,10:40AM-12:30PM,10:40 AM,12:30 PM,1221 Engineering Building 2,"Heckman,Sarah Smith",08/22/22 - 12/05/22
216,Software Development Fundamentals Lab,1,Prerequisite: CSC 116 with a C or better; Corequisites: CSC 216,212,Lab,9887,O,Open25/25,25/25,25,25,,T,12:50PM-2:40PM,12:50 PM,2:40 PM,1221 Engineering Building 2,"Heckman,Sarah Smith",08/22/22 - 12/05/22
216,Software Development Fundamentals Lab,1,Prerequisite: CSC 116 with a C or better; Corequisites: CSC 216,213,Lab,9888,O,Open13/25,13/25,13,25,,T,3:00PM-4:50PM,3:00 PM,4:50 PM,1221 Engineering Building 2,"Heckman,Sarah Smith",08/22/22 - 12/05/22
216,Software Development Fundamentals Lab,1,Prerequisite: CSC 116 with a C or better; Corequisites: CSC 216,214,Lab,9889,O,Open25/25,25/25,25,25,,T,5:20PM-7:10PM,5:20 PM,7:10 PM,1221 Engineering Building 2,"Heckman,Sarah Smith",08/22/22 - 12/05/22
216,Software Development Fundamentals Lab,1,Prerequisite: CSC 116 with a C or better; Corequisites: CSC 216,220,Lab,9890,O,Open25/25,25/25,25,25,,M,8:30AM-10:20AM,8:30 AM,10:20 AM,1221 Engineering Building 2,"Heckman,Sarah Smith",08/22/22 - 12/05/22
216,Software Development Fundamentals Lab,1,Prerequisite: CSC 116 with a C or better; Corequisites: CSC 216,221,Lab,11861,O,Open25/25,25/25,25,25,,W,10:40AM-12:30PM,10:40 AM,12:30 PM,1221 Engineering Building 2,"Heckman,Sarah Smith",08/22/22 - 12/05/22
216,Software Development Fundamentals Lab,1,Prerequisite: CSC 116 with a C or better; Corequisites: CSC 216,222,Lab,9891,O,Open23/25,23/25,23,25,,W,12:50PM-2:40PM,12:50 PM,2:40 PM,1221 Engineering Building 2,"Heckman,Sarah Smith",08/22/22 - 12/05/22
216,Software Development Fundamentals Lab,1,Prerequisite: CSC 116 with a C or better; Corequisites: CSC 216,223,Lab,9892,O,Open23/25,23/25,23,25,,W,3:00PM-4:50PM,3:00 PM,4:50 PM,1221 Engineering Building 2,"Heckman,Sarah Smith",08/22/22 - 12/05/22
216,Software Development Fundamentals Lab,1,Prerequisite: CSC 116 with a C or better; Corequisites: CSC 216,224,Lab,9893,O,Open25/25,25/25,25,25,,W,5:20PM-7:10PM,5:20 PM,7:10 PM,1221 Engineering Building 2,"Heckman,Sarah Smith",08/22/22 - 12/05/22
216,Software Development Fundamentals Lab,1,Prerequisite: CSC 116 with a C or better; Corequisites: CSC 216,231,Lab,9882,O,Open27/30,27/30,27,30,,,TBD,TBD,TBD,,"Heckman,Sarah Smith",08/22/22 - 12/05/22
216,Software Development Fundamentals Lab,1,Prerequisite: CSC 116 with a C or better; Corequisites: CSC 216,601,Lab,10073,O,Open40/40,40/40,40,40,,,TBD,TBD,TBD,Distance Education - Online,"Heckman,Sarah SmithTetterton,James C",08/22/22 - 12/05/22
226,Discrete Mathematics for Computer Scientists,3,"Propositional logic and predicate calculus. Logic gates and circuits. Methods of proof. Mathematical induction. Recursive definitions and functions. Solving recurrences. Asymptotic growth of functions. Elementary combinatorics and probability. Introduction to graph theory. Binary relations, including posets and equivalence relations. This course assumes knowledge of topics covered in high-school Algebra I and II. Most seats reserved for CSC and CPE majors and Computer Programming minors.",1,Lec,1922,O,Open168/200,168/200,168,200,,M/W,11:45AM-1:00PM,11:45 AM,1:00 PM,1025 Engineering Building 2,"Barnes,Tiffany M",08/22/22 - 12/05/22
226,Discrete Mathematics for Computer Scientists,3,"Propositional logic and predicate calculus. Logic gates and circuits. Methods of proof. Mathematical induction. Recursive definitions and functions. Solving recurrences. Asymptotic growth of functions. Elementary combinatorics and probability. Introduction to graph theory. Binary relations, including posets and equivalence relations. This course assumes knowledge of topics covered in high-school Algebra I and II. Most seats reserved for CSC and CPE majors and Computer Programming minors.",2,Lec,1923,O,Open175/200,175/200,175,200,,M/W,1:30PM-2:45PM,1:30 PM,2:45 PM,1025 Engineering Building 2,"Barnes,Tiffany M",08/22/22 - 12/05/22
226,Discrete Mathematics for Computer Scientists,3,"Propositional logic and predicate calculus. Logic gates and circuits. Methods of proof. Mathematical induction. Recursive definitions and functions. Solving recurrences. Asymptotic growth of functions. Elementary combinatorics and probability. Introduction to graph theory. Binary relations, including posets and equivalence relations. This course assumes knowledge of topics covered in high-school Algebra I and II. Most seats reserved for CSC and CPE majors and Computer Programming minors.",601,Lec,1924,O,Open40/40,40/40,40,40,,,TBD,TBD,TBD,Distance Education - Online,"Watkins,Alan W",08/22/22 - 12/05/22
230,C and Software Tools,3,Prerequisite: CSC 216 with a C or better.,1,Lec,1925,O,Open51/100,51/100,51,100,,M/W,3:00PM-4:15PM,3:00 PM,4:15 PM,1025 Engineering Building 2,"Sturgill,David Brian",08/22/22 - 12/05/22
230,C and Software Tools,3,Prerequisite: CSC 216 with a C or better.,2,Lec,8527,O,Open55/100,55/100,55,100,,T/Th,3:00PM-4:15PM,3:00 PM,4:15 PM,1103 James B Hunt Jr Centenni,"Balik,Suzanne M",08/22/22 - 12/05/22
230,C and Software Tools,3,Prerequisite: CSC 216 with a C or better.,601,Lec,4748,O,Open35/35,35/35,35,35,,,TBD,TBD,TBD,Distance Education - Online,"Sturgill,David Brian",08/22/22 - 12/05/22
236,Computer Organization and Assembly Language for Computer Scientists,3,Prerequisite: CSC 230 or ECE 209,1,Lec,1926,O,Open20/60,20/60,20,60,,T/Th,4:30PM-5:45PM,4:30 PM,5:45 PM,1005 Engineering Building I,Staff,08/22/22 - 12/05/22
246,Concepts and Facilities of Operating Systems for Computer Scientists,3,Prerequisite: CSC 230 or ECE 209,1,Lec,1928,O,Open51/100,51/100,51,100,,M/W,4:30PM-5:45PM,4:30 PM,5:45 PM,1231 Engineering Building 2,"Jiao,Shuyin",08/22/22 - 12/05/22
246,Concepts and Facilities of Operating Systems for Computer Scientists,3,Prerequisite: CSC 230 or ECE 209,2,Lec,7421,O,Open27/100,27/100,27,100,,T/Th,3:00PM-4:15PM,3:00 PM,4:15 PM,1011 Engineering Building I,"Sturgill,David Brian",08/22/22 - 12/05/22
246,Concepts and Facilities of Operating Systems for Computer Scientists,3,Prerequisite: CSC 230 or ECE 209,601,Lec,1929,O,Open30/30,30/30,30,30,,,TBD,TBD,TBD,Distance Education - Online,"Watkins,Alan W",08/22/22 - 12/05/22
295,Special Topics in Computer Science,3,Special topics in CSC at the early undergraduate level.,1,Lec,4119,O,Open10/10,10-10,10,10,,M,5:20PM-7:10PM,5:20 PM,7:10 PM,1010 Engineering Building I,"Sturgill,David Brian",08/22/22 - 12/05/22
295,Special Topics in Computer Science,3,Special topics in CSC at the early undergraduate level.,4,Lec,11358,O,Open26/30,26/30,26,30,,F,3:00PM-4:15PM,3:00 PM,4:15 PM,1220 Engineering Building 2,"Heckman,Sarah Smith",08/22/22 - 12/05/22
297,Cybersecurity Topics,1,"Introductory cybersecurity topics that may cover areas like cybersecurity policy, law, attacks and defenses, ethics, forensics, social engineering, usability, or privacy. Topics will vary by section and semester. Course may be taken multiple times only if topic is different.",1,Lec,10662,O,Open32/45,32/45,32,45,,F,3:00PM-3:50PM,3:00 PM,3:50 PM,1226 Engineering Building 2,"Crume PhD,Jeff",08/22/22 - 12/05/22
297,Cybersecurity Topics,1,"Introductory cybersecurity topics that may cover areas like cybersecurity policy, law, attacks and defenses, ethics, forensics, social engineering, usability, or privacy. Topics will vary by section and semester. Course may be taken multiple times only if topic is different.",2,Lec,10663,R,Reserved3/30,03-30,3,30,,W,4:30PM-5:20PM,4:30 PM,5:20 PM,1010 Engineering Building I,"Heckman,Sarah Smith",08/22/22 - 12/05/22
298,Introduction to Computer Science Research Methods,3,"Introduction to computer science research methods for first or second year Computer Science undergraduate students. Topics include creating research problems, reading research papers, conducting a literature review, designing research studies, qualitative and quantitative data analysis, communication of research findings, teamwork, and research directions. Students will work on teams to complete a mentored research proposal.",1,Lec,11779,O,Open30/30,30/30,30,30,,F,12:50PM-3:35PM,12:50 PM,3:35 PM,1228 Engineering Building 2,"Catete,Veronica",08/22/22 - 12/05/22
299,Mentored Research in Computer Science, 1 - 3,"Mentored research experience in Computer Science. The experience must be arranged in advance by the student and approved by the Department of Computer Science prior to enrollment. A minimum of 45 hours must be completed for each credit hour earned. A final report approved by the faculty mentor and the department are required. Individualized/Independent Research courses require a ""Course Agreement for Students Enrolled in Non-Standard Courses"" to be completed by the student and faculty member prior to registration by the department. CSC 299 may not be repeated.",1,Res,11781,O,Open35/35,35/35,35,35,,,TBD,TBD,TBD,,"Heckman,Sarah Smith",08/22/22 - 12/05/22
302,Introduction to Numerical Methods,3,Prerequisite: CSC 116 with a grade of C or higher and MA 305 or MA 405,1,Lec,1930,O,Open19/30,19/30,19,30,,M/W,8:30AM-9:45AM,8:30 AM,9:45 AM,1229 Engineering Building 2,"Stallmann,Matt",08/22/22 - 12/05/22
316,Data Structures and Algorithms,3,Prerequisite: CSC 216 with a grade of C or better and [CSC 226 or MA 225] with a grade of C or better,1,Lec,1931,O,Open92/125,92/125,92,125,,M/W,10:15AM-11:30AM,10:15 AM,11:30 AM,1025 Engineering Building 2,"King,Jason Tyler",08/22/22 - 12/05/22
316,Data Structures and Algorithms,3,Prerequisite: CSC 216 with a grade of C or better and [CSC 226 or MA 225] with a grade of C or better,2,Lec,7422,O,Open69/125,69/125,69,125,,T/Th,10:15AM-11:30AM,10:15 AM,11:30 AM,1231 Engineering Building 2,"King,Jason Tyler",08/22/22 - 12/05/22
316,Data Structures and Algorithms,3,Prerequisite: CSC 216 with a grade of C or better and [CSC 226 or MA 225] with a grade of C or better,601,Lec,1932,O,Open30/30,30/30,30,30,,,TBD,TBD,TBD,Distance Education - Online,"King,Jason Tyler",08/22/22 - 12/05/22
326,Software Engineering,4,Prerequisite: [CSC 230 or ECE 209] and [CSC 316 or ECE 309],1,Lec,1933,O,Open39/150,39/150,39,150,,M/W,6:00PM-7:15PM,6:00 PM,7:15 PM,1231 Engineering Building 2,"Ore,John-Paul",08/22/22 - 12/05/22
326,Software Engineering,4,Prerequisite: [CSC 230 or ECE 209] and [CSC 316 or ECE 309],201,Lab,5281,O,Open16/25,16/25,16,25,,Th,8:30AM-10:20AM,8:30 AM,10:20 AM,1221 Engineering Building 2,"Ore,John-Paul",08/22/22 - 12/05/22
326,Software Engineering,4,Prerequisite: [CSC 230 or ECE 209] and [CSC 316 or ECE 309],202,Lab,1934,O,Open2/25,02-25,2,25,,Th,10:40AM-12:30PM,10:40 AM,12:30 PM,1221 Engineering Building 2,"Ore,John-Paul",08/22/22 - 12/05/22
326,Software Engineering,4,Prerequisite: [CSC 230 or ECE 209] and [CSC 316 or ECE 309],203,Lab,1935,O,Open4/25,04-25,4,25,,Th,12:50PM-2:40PM,12:50 PM,2:40 PM,1221 Engineering Building 2,"Ore,John-Paul",08/22/22 - 12/05/22
326,Software Engineering,4,Prerequisite: [CSC 230 or ECE 209] and [CSC 316 or ECE 309],204,Lab,1936,O,Open8/25,08-25,8,25,,Th,3:00PM-4:50PM,3:00 PM,4:50 PM,1221 Engineering Building 2,"Ore,John-Paul",08/22/22 - 12/05/22
326,Software Engineering,4,Prerequisite: [CSC 230 or ECE 209] and [CSC 316 or ECE 309],205,Lab,7879,O,Open5/25,05-25,5,25,,Th,5:20PM-7:10PM,5:20 PM,7:10 PM,1221 Engineering Building 2,"Ore,John-Paul",08/22/22 - 12/05/22
326,Software Engineering,4,Prerequisite: [CSC 230 or ECE 209] and [CSC 316 or ECE 309],212,Lab,10664,O,Open4/25,04-25,4,25,,F,10:40AM-12:30PM,10:40 AM,12:30 PM,1221 Engineering Building 2,"Ore,John-Paul",08/22/22 - 12/05/22
333,"Automata, Grammars, and Computability",3,Prerequisite: Grade of C or better in either MA 225 or CSC 226,1,Lec,1937,O,Open104/125,104/125,104,125,,M/W,11:45AM-1:00PM,11:45 AM,1:00 PM,1231 Engineering Building 2,"Sheehy,Donald",08/22/22 - 12/05/22
333,"Automata, Grammars, and Computability",3,Prerequisite: Grade of C or better in either MA 225 or CSC 226,2,Lec,5994,O,Open76/125,76/125,76,125,,T/Th,11:45AM-1:00PM,11:45 AM,1:00 PM,1231 Engineering Building 2,"Jennings,Jamie Allison",08/22/22 - 12/05/22
342,Applied Web-based Client-Server Computing,3,Prerequisite: Grade of C or better in CSC 216,1,Lec,10666,C,Closed0/60,0/60,0,60,,T/Th,4:30PM-5:45PM,4:30 PM,5:45 PM,2207 Engineering Building 3,"Dominguez,Ignacio X.",08/22/22 - 12/05/22
379,Ethics in Computing,1,Requirement: Junior Standing,1,Lec,5627,W,Waitlist0/80 (6),0/80,0,80,6,T,8:30AM-9:20AM,8:30 AM,9:20 AM,135 BTEC,"Wright,David R",08/22/22 - 12/05/22
379,Ethics in Computing,1,Requirement: Junior Standing,2,Lec,11863,O,Open22/80,22/80,22,80,,Th,8:30AM-9:20AM,8:30 AM,9:20 AM,135 BTEC,"Wright,David R",08/22/22 - 12/05/22
401,Data and Computer Communications Networks,3,Prerequisite: ST 370 and CSC 246,1,Lec,1938,O,Open28/60,28/60,28,60,,M/W,3:00PM-4:15PM,3:00 PM,4:15 PM,1021 Engineering Building 2,"Dutta,Rudra",08/22/22 - 12/05/22
411,Introduction to Artificial Intelligence,3,Prerequisite: CSC 316 or ECE 309,1,Lec,9896,O,Open39/90,39/90,39,90,,M/W,4:30PM-5:45PM,4:30 PM,5:45 PM,1021 Engineering Building 2,"Akram,Bita ",08/22/22 - 12/05/22
412,Compiler Construction,3,Prerequisites: CSC 316 and 333,1,Lec,9161,O,Open37/45,37/45,37,45,,M/W,8:30AM-9:45AM,8:30 AM,9:45 AM,2207 Engineering Building 3,"Liu,Xu",08/22/22 - 12/05/22
415,Software Security,3,Corequisite: CSC 326,1,Lec,9162,O,Open9/90,9/90,9,90,,M/W,1:30PM-2:45PM,1:30 PM,2:45 PM,1021 Engineering Building 2,"Slankas,John Botious",08/22/22 - 12/05/22
417,Theory of Programming Languages,3,Prerequisite: CSC 316 or ECE 309,1,Lec,11864,O,Open12/50,12/50,12,50,,T/Th,8:30AM-9:45AM,8:30 AM,9:45 AM,2232 Engineering Building 3,"Jennings,Jamie Allison",08/22/22 - 12/05/22
422,Automated Learning and Data Analysis,3,"Prerequisite: CSC 226 or LOG 201, ST 370, MA 305 or MA 405",2,Lec,4383,O,Open23/70,23/70,23,70,,M/W,11:45AM-1:00PM,11:45 AM,1:00 PM,2336 Fitts-Woolard Hall,"Chi,Min",08/22/22 - 12/05/22
427,Introduction to Numerical Analysis I,3,Also listed as: MA 427 ,1,Lec,4687,W,Waitlist0/5 (1),0/5,0,5,1,M/W/F,12:50PM-1:40PM,12:50 PM,1:40 PM,2106 SAS Hall,"Chu,Moody Ten-Chao",08/22/22 - 12/05/22
440,Database Management Systems,3,Prerequisite: CSC 316 or ECE 309,1,Lec,4615,O,Open15/60,15/60,15,60,,T/Th,3:00PM-4:15PM,3:00 PM,4:15 PM,1005 Engineering Building I,"Ogan,Kemafor",08/22/22 - 12/05/22
442,Introduction to Data Science,3,Also listed as: ST 442 ,1,Lec,8528,C,Closed0/24,0/24,0,24,,T/Th,8:30AM-9:45AM,8:30 AM,9:45 AM,2203 Textiles Complex,"Chirkova,Rada Yuryevna",08/22/22 - 12/05/22
454,Human-Computer Interaction,3,Prerequisite: CSC 316 or ECE 309,1,Lec,11865,R,Reserved15/70,15/70,15,70,,T/Th,4:30PM-5:45PM,4:30 PM,5:45 PM,2321 Fitts-Woolard Hall,"Oduor PhD,Kenya",08/22/22 - 12/05/22
455,Social Computing and Decentralized Artificial Intelligence,3,Prerequisite: CSC 226 and CSC 316,1,Lec,7880,W,Waitlist0/20 (2),0/20,0,20,2,M/W,1:30PM-2:45PM,1:30 PM,2:45 PM,2232 Engineering Building 3,"Singh,Munindar P",08/22/22 - 12/05/22
461,Computer Graphics,3,Prerequisite: MA 305 or MA 405 and CSC 230 or ECE 209 and CSC 316 or ECE 309,1,Lec,1939,R,Reserved17/50,17/50,17,50,,M/W,4:30PM-5:45PM,4:30 PM,5:45 PM,2232 Engineering Building 3,"Watson,Benjamin Allen",08/22/22 - 12/05/22
471,Modern Topics in Cybersecurity,3,Prerequisite: CSC 405; Corequisite: CSC 474,1,Lec,10668,O,Open12/30,12-30,12,30,,T/Th,6:00PM-7:15PM,6:00 PM,7:15 PM,2015 Engineering Building I,"Wandji,Thierry Ketchiozo",08/22/22 - 12/05/22
474,Network Security,3,Prerequisite: CSC 230 or ECE 209,1,Lec,1940,O,Open19/90,19/90,19,90,,T/Th,11:45AM-1:00PM,11:45 AM,1:00 PM,1021 Engineering Building 2,"Enck,William H",08/22/22 - 12/05/22
481,Game Engine Foundations,3,Prerequisite: CSC 316 or ECE 309; Restriction: CSC Majors Only,1,Lec,1941,R,Reserved14/60,14/60,14,60,,M/W,10:15AM-11:30AM,10:15 AM,11:30 AM,135 BTEC,"Roberts,David L",08/22/22 - 12/05/22
486,Computational Visual Narrative,3,Prerequisite: CSC 316 or ECE 309,3,Lec,11867,O,Open15/20,15/20,15,20,,T,4:30PM-7:15PM,4:30 PM,7:15 PM,1229 Engineering Building 2,"Jhala,Arnav H",08/22/22 - 12/05/22
492,Senior Design Project,3,Prerequisite: CSC 326,1,Lec,1942,C,Closed0/28,0/28,0,28,,M/W,9:35AM-11:25AM,9:35 AM,11:25 AM,1203A Engineering Building II,"Heil,Margaret Rose ScaturroDominguez,Ignacio X.",08/22/22 - 12/05/22
492,Senior Design Project,3,Prerequisite: CSC 326,2,Lec,5619,C,Closed0/28,0/28,0,28,,M/W,12:50PM-2:40PM,12:50 PM,2:40 PM,1203A Engineering Building II,"King,Jason TylerHeil,Margaret Rose Scaturro",08/22/22 - 12/05/22
492,Senior Design Project,3,Prerequisite: CSC 326,3,Lec,7423,C,Closed0/24,0/24,0,24,,T/Th,9:00AM-10:50AM,9:00 AM,10:50 AM,1203A Engineering Building II,"Heil,Margaret Rose ScaturroBattestilli,Tzvetelina",08/22/22 - 12/05/22
492,Senior Design Project,3,Prerequisite: CSC 326,4,Lec,5618,C,Closed0/28,0/28,0,28,,T/Th,11:20AM-1:10PM,11:20 AM,1:10 PM,1203A Engineering Building II,"Heil,Margaret Rose ScaturroSturgill,David Brian",08/22/22 - 12/05/22
492,Senior Design Project,3,Prerequisite: CSC 326,401,Pro,4147,O,Open7/116,7/116,7,116,,F,10:40AM-12:30PM,10:40 AM,12:30 PM,1021 Engineering Building 2,"Heil,Margaret Rose ScaturroDominguez,Ignacio X.Battestilli,TzvetelinaKing,Jason TylerSturgill,David Brian",08/22/22 - 12/05/22
495,Special Topics in Computer Science,3,Topics of current interest in computer science not covered in existing courses. Each special topics course will have one or more prerequisites from the Computer Science core courses. CSC 495 may be repeated for credit if a different topic is chosen.,12,Lec,7746,O,Open4/15,04-15,4,15,,M/W,3:00PM-4:15PM,3:00 PM,4:15 PM,2232 Engineering Building 3,"Singh,Munindar P",08/22/22 - 12/05/22
498,Independent Study in Computer Science, 1 - 6,"Detailed investigation of computing topics of particular interest to advanced undergraduate computer science majors under faculty direction. Appropriate topics may include software development projects, tutorial work on new or emerging technologies, or exploration of an emerging computing topic. The experience must be arranged in advance by the student and approved by the Department of Computer Science prior to enrollment. A minimum of 45 hours must be completed for each credit hour earned. An independent study proposal and final report approved by the faculty mentor and the department are required. Individualized/Independent Study courses require a ""Course Agreement for Students Enrolled in Non-Standard Courses"" be completed by the student and faculty member prior to registration by the department. At most 6 credit hours of CSC 498 and/or CSC 499 may be applied to degree.",1,Ind,11183,O,Open35/35,35/35,35,35,,,TBD,TBD,TBD,,"Heckman,Sarah Smith",08/22/22 - 12/05/22
499,Independent Research in Computer Science, 1 - 6,"Independent investigation of a research problem under the supervision of a faculty member in the Department of Computer Science. The experience must be arranged in advance by the student and approved by the Department of Computer Science prior to enrollment. A minimum of 45 hours must be completed for each credit hour earned. An independent research proposal and final report approved by the faculty mentor and the department are required. Individualized/Independent Research courses require a ""Course Agreement for Students Enrolled in Non-Standard Courses"" to be completed by the student and faculty member prior to registration by the department. At most 6 credit hours of CSC 498 and/or CSC 499 may be applied to degree.",1,Res,1943,O,Open35/35,35/35,35,35,,,TBD,TBD,TBD,,"Heckman,Sarah Smith",08/22/22 - 12/05/22
501,Operating Systems Principles,3,"Prerequisite: CSC 246, CSC 316 and MA 421",1,Lec,1944,O,Open72/126,72/126,72,126,,T/Th,3:00PM-4:15PM,3:00 PM,4:15 PM,2124 Engineering Building 3,"Jin,Guoliang",08/22/22 - 12/05/22
501,Operating Systems Principles,3,"Prerequisite: CSC 246, CSC 316 and MA 421",2,Lec,5995,O,Open80/80,80/80,80,80,,M/W,8:30AM-9:45AM,8:30 AM,9:45 AM,4106 James B Hunt Jr Centenni,Staff,08/22/22 - 12/05/22
501,Operating Systems Principles,3,"Prerequisite: CSC 246, CSC 316 and MA 421",601,Lec,8722,O,Open30/30,30/30,30,30,,,TBD,TBD,TBD,Distance Education - Online,"Jin,Guoliang",08/22/22 - 12/05/22
505,Design and Analysis Of Algorithms,3,Prerequisite: CSC 316 and CSC 226,1,Lec,1945,O,Open127/175,127/175,127,175,,M/W,4:30PM-5:45PM,4:30 PM,5:45 PM,1025 Engineering Building 2,"Heber,Steffen",08/22/22 - 12/05/22
505,Design and Analysis Of Algorithms,3,Prerequisite: CSC 316 and CSC 226,2,Lec,5620,O,Open72/80,72/80,72,80,,M/W,6:00PM-7:15PM,6:00 PM,7:15 PM,2213 Engineering Building 3,"Heber,Steffen",08/22/22 - 12/05/22
505,Design and Analysis Of Algorithms,3,Prerequisite: CSC 316 and CSC 226,601,Lec,4416,O,Open30/30,30/30,30,30,,,TBD,TBD,TBD,Distance Education - Online,"Heber,Steffen",08/22/22 - 12/05/22
506,Architecture Of Parallel Computers,3,Also listed as: ECE 406 ECE 506 ,1,Lec,1946,O,Open14/20,14/20,14,20,,M/W,1:30PM-2:45PM,1:30 PM,2:45 PM,2336 Fitts-Woolard Hall,"Awad,Amro",08/22/22 - 12/05/22
510,Software Engineering,3,Prerequisite: CSC 316 and CSC 226,1,Lec,1947,O,Open92/200,92/200,92,200,,M/W,10:15AM-11:30AM,10:15 AM,11:30 AM,1103 James B Hunt Jr Centenni,"Parnin,Christopher Joseph",08/22/22 - 12/05/22
510,Software Engineering,3,Prerequisite: CSC 316 and CSC 226,2,Lec,11998,O,Open150/150,150/150,150,150,,T/Th,4:30PM-5:45PM,4:30 PM,5:45 PM,1025 Engineering Building 2,Staff,08/22/22 - 12/05/22
512,Compiler Construction,3,Prerequisites: Graduate standing and CSC 316 and CSC 333 or equivalent classes.,1,Lec,5996,O,Open17/45,17/45,17,45,,M/W,8:30AM-9:45AM,8:30 AM,9:45 AM,2207 Engineering Building 3,"Liu,Xu",08/22/22 - 12/05/22
512,Compiler Construction,3,Prerequisites: Graduate standing and CSC 316 and CSC 333 or equivalent classes.,601,Lec,12129,O,Open30/30,30/30,30,30,,,TBD,TBD,TBD,Distance Education - Online,"Liu,Xu",08/22/22 - 12/05/22
514,Foundations of Cryptography,3,Also listed as: MA 414 MA 514 ,1,Lec,10270,W,Waitlist0/60 (3),0/60,0,60,3,T,4:30PM-7:15PM,4:30 PM,7:15 PM,1007 Engineering Building I,"Scafuro,Alessandra",08/22/22 - 12/05/22
517,Object-Oriented Design and Development,3,Also listed as: ECE 517 ,1,Lec,1948,O,Open68/90,68/90,68,90,,F,1:55PM-4:40PM,1:55 PM,4:40 PM,1231 Engineering Building 2,"Gehringer,Ed",08/22/22 - 12/05/22
520,Artificial Intelligence I,3,Prerequisite: CSC 316 and either CSC 226 or LOG 201 or LOG 335 or background in symbolic logic,1,Lec,1949,O,Open108/120,108/120,108,120,,T/Th,10:15AM-11:30AM,10:15 AM,11:30 AM,2124 Engineering Building 3,"Lynch PhD,Collin F.",08/22/22 - 12/05/22
520,Artificial Intelligence I,3,Prerequisite: CSC 316 and either CSC 226 or LOG 201 or LOG 335 or background in symbolic logic,2,Lec,12000,O,Open80/80,80/80,80,80,,M/W,8:30AM-9:45AM,8:30 AM,9:45 AM,1007 Engineering Building I,Staff,08/22/22 - 12/05/22
520,Artificial Intelligence I,3,Prerequisite: CSC 316 and either CSC 226 or LOG 201 or LOG 335 or background in symbolic logic,601,Lec,1950,O,Open30/30,30/30,30,30,,,TBD,TBD,TBD,Distance Education - Online,"Lynch PhD,Collin F.",08/22/22 - 12/05/22
522,Automated Learning and Data Analysis,3,"Prerequisite: CSC 226 or LOG 201, ST 370, MA 305 or MA 405",1,Lec,7902,O,Open50/120,50/120,50,120,,M/W,1:30PM-2:45PM,1:30 PM,2:45 PM,2124 Engineering Building 3,"Chi,Min",08/22/22 - 12/05/22
522,Automated Learning and Data Analysis,3,"Prerequisite: CSC 226 or LOG 201, ST 370, MA 305 or MA 405",2,Lec,11286,O,Open21/50,21/50,21,50,,M/W,11:45AM-1:00PM,11:45 AM,1:00 PM,2336 Fitts-Woolard Hall,"Chi,Min",08/22/22 - 12/05/22
522,Automated Learning and Data Analysis,3,"Prerequisite: CSC 226 or LOG 201, ST 370, MA 305 or MA 405",601,Lec,7974,O,Open30/30,30/30,30,30,,,TBD,TBD,TBD,Distance Education - Online,"Chi,Min",08/22/22 - 12/05/22
530,Computational Methods for Molecular Biology,3,"Prerequisite: CSC 316, Corequisite: CSC 505",1,Lec,4910,O,Open8/40,8/40,8,40,,T/Th,6:00PM-7:15PM,6:00 PM,7:15 PM,1228 Engineering Building 2,"Heber,Steffen",08/22/22 - 12/05/22
533,Privacy in the Digital Age,3,Prerequisite: CSC 316,1,Lec,9937,C,Closed0/80,0/80,0,80,,M/W,11:45AM-1:00PM,11:45 AM,1:00 PM,1230 Engineering Building 2,"Das,Anupam",08/22/22 - 12/05/22
533,Privacy in the Digital Age,3,Prerequisite: CSC 316,601,Lec,10160,O,Open30/30,30/30,30,30,,,TBD,TBD,TBD,Distance Education - Online,"Das,Anupam",08/22/22 - 12/05/22
540,Database Management concepts and Systems,3,Prerequisite: CSC 316,1,Lec,1951,O,Open27/120,27/120,27,120,,T/Th,11:45AM-1:00PM,11:45 AM,1:00 PM,2124 Engineering Building 3,"Ogan,Kemafor",08/22/22 - 12/05/22
540,Database Management concepts and Systems,3,Prerequisite: CSC 316,601,Lec,9419,O,Open30/30,30/30,30,30,,,TBD,TBD,TBD,Distance Education - Online,"Ogan,Kemafor",08/22/22 - 12/05/22
547,Cloud Computing Technology,3,Also listed as: ECE 547 ,1,Lec,12020,C,Closed0/55,0/55,0,55,,M/W,6:00PM-7:15PM,6:00 PM,7:15 PM,2124 Engineering Building 3,"Viniotis,IoannisPapapanagiotou,Ioannis",08/22/22 - 12/05/22
554,Human-Computer Interaction,3,Prerequisite: CSC 316,1,Lec,12003,C,Closed0/100,0/100,0,100,,T/Th,4:30PM-5:45PM,4:30 PM,5:45 PM,1231 Engineering Building 2,"Matsuda,Noboru",08/22/22 - 12/05/22
555,Social Computing and Decentralized Artificial Intelligence,3,"This course surveys the field of social computing, introducing its key concepts, paradigms, and techniques. Specific topics are selected from the following list: social media and social network analytics, sociological underpinnings, crowdsourcing and surveys, human computation, social mobilization, human decision making, voting theory, judgment aggregation, prediction markets, economic mechanisms, incentives, organizational modeling, argumentation, contracts, norms, mobility and social context, sociotechnical systems, and software engineering with and for social computing. This course incorporates ideas from diverse disciplines [including sociology, psychology, law, economics, political science, logic, statistics, philosophy, business] to provide essential background for future computer science careers in industry and research.",1,Lec,8341,W,Waitlist0/30 (4),0/30,0,30,4,M/W,1:30PM-2:45PM,1:30 PM,2:45 PM,2232 Engineering Building 3,"Singh,Munindar P",08/22/22 - 12/05/22
555,Social Computing and Decentralized Artificial Intelligence,3,"This course surveys the field of social computing, introducing its key concepts, paradigms, and techniques. Specific topics are selected from the following list: social media and social network analytics, sociological underpinnings, crowdsourcing and surveys, human computation, social mobilization, human decision making, voting theory, judgment aggregation, prediction markets, economic mechanisms, incentives, organizational modeling, argumentation, contracts, norms, mobility and social context, sociotechnical systems, and software engineering with and for social computing. This course incorporates ideas from diverse disciplines [including sociology, psychology, law, economics, political science, logic, statistics, philosophy, business] to provide essential background for future computer science careers in industry and research.",601,Lec,12148,O,Open30/30,30/30,30,30,,,TBD,TBD,TBD,Distance Education - Online,"Singh,Munindar P",08/22/22 - 12/05/22
561,Principles of Computer Graphics,3,Prerequisite: CSC Majors,1,Lec,4911,O,Open18/100,18/100,18,100,,M/W,3:00PM-4:15PM,3:00 PM,4:15 PM,2124 Engineering Building 3,"Watson,Benjamin Allen",08/22/22 - 12/05/22
561,Principles of Computer Graphics,3,Prerequisite: CSC Majors,601,Lec,10162,O,Open30/30,30/30,30,30,,,TBD,TBD,TBD,Distance Education - Online,"Watson,Benjamin Allen",08/22/22 - 12/05/22
570,Computer Networks,3,Also listed as: ECE 570 ,1,Lec,1953,C,Closed0/75,0/75,0,75,,M/W,3:00PM-4:15PM,3:00 PM,4:15 PM,1231 Engineering Building 2,"Harfoush,Khaled Abdel Hamid",08/22/22 - 12/05/22
570,Computer Networks,3,Also listed as: ECE 570 ,3,Lec,4690,O,Open4/40,4/40,4,40,,M/W,11:45AM-1:00PM,11:45 AM,1:00 PM,1021 Engineering Building 2,"Eun,Do Young",08/22/22 - 12/05/22
573,Internet Protocols,3,Also listed as: ECE 573 ,1,Lec,1955,C,Closed0/60,0/60,0,60,,M/W,4:30PM-5:45PM,4:30 PM,5:45 PM,2124 Engineering Building 3,"Harfoush,Khaled Abdel Hamid",08/22/22 - 12/05/22
573,Internet Protocols,3,Also listed as: ECE 573 ,2,Lec,1956,O,Open53/60,53/60,53,60,,T/Th,3:00PM-4:15PM,3:00 PM,4:15 PM,1231 Engineering Building 2,"Yu,Ruozhou",08/22/22 - 12/05/22
573,Internet Protocols,3,Also listed as: ECE 573 ,601,Lec,5141,O,Open30/30,30/30,30,30,,,TBD,TBD,TBD,Distance Education - Online,"Harfoush,Khaled Abdel Hamid",08/22/22 - 12/05/22
574,Computer and Network Security,3,Also listed as: ECE 574 ,1,Lec,1957,O,Open7/45,7/45,7,45,,T/Th,10:15AM-11:30AM,10:15 AM,11:30 AM,2207 Engineering Building 3,"Enck,William H",08/22/22 - 12/05/22
574,Computer and Network Security,3,Also listed as: ECE 574 ,601,Lec,8723,O,Open30/30,30/30,30,30,,,TBD,TBD,TBD,Distance Education - Online,"Enck,William H",08/22/22 - 12/05/22
577,Switched Network Management,3,Also listed as: ECE 577 ,1,Lec,7721,O,Open25/30,25/30,25,30,,M/W,1:30PM-2:45PM,1:30 PM,2:45 PM,2331 Fitts-Woolard Hall,"Viniotis,Ioannis",08/22/22 - 12/05/22
577,Switched Network Management,3,Also listed as: ECE 577 ,201,Lab,7722,O,Open25/30,25/30,25,30,,F,3:00PM-5:45PM,3:00 PM,5:45 PM,2321 Fitts-Woolard Hall,"Viniotis,Ioannis",08/22/22 - 12/05/22
579,Introduction to Computer Performance Modeling,3,Also listed as: ECE 579 OR 579 ,1,Lec,1958,W,Waitlist0/20 (1),0/20,0,20,1,M/W,11:45AM-1:00PM,11:45 AM,1:00 PM,2232 Engineering Building 3,"Rouskas,Georgios",08/22/22 - 12/05/22
579,Introduction to Computer Performance Modeling,3,Also listed as: ECE 579 OR 579 ,601,Lec,7401,O,Open30/30,30/30,30,30,,,TBD,TBD,TBD,Distance Education - Online,"Rouskas,Georgios",08/22/22 - 12/05/22
580,Numerical Analysis I,3,Also listed as: MA 580 ,2,Lec,1959,W,Waitlist0/5 (2),0/5,0,5,2,T/Th,4:30PM-5:45PM,4:30 PM,5:45 PM,1218 SAS Hall,"Alexanderian,Alen",08/22/22 - 12/05/22
581,Game Engine Foundations,3,"In this course we will examine some of the components of a commercial strength game engine. We will survey different genres of games, using some of the unique design challenges each genre provides as a motivation for an in-depth examination of the affordances games engines provide for designing games of that genre. We will cover topics ranging from data structures, resource management, game loops and logical timing systems, scripting, error logging, and networking. A sequence of programming assignments will lead students through the implementation of their own game engine, which they will use to design their own game.",1,Lec,12004,O,Open4/20,04-20,4,20,,M/W,10:15AM-11:30AM,10:15 AM,11:30 AM,135 BTEC,"Roberts,David L",08/22/22 - 12/05/22
582,Computer Models of Interactive Narrative,3,"A theoretical and practical study of the computational models supporting the creation of interactive narrative systems. Topics include basic introductions to cognitive, linguistic and film theoretic models of narrative; representations and reasoning techniques from artificial intelligence related to the creation of storylines, dialog, camera control and other features of narrative in text-based and/or 3D virtual worlds; mechanisms for controlling character behavior in multi-agent multi-user stories; and applications of these techniques ranging from interactive entertainment to educational software to training simulations.",1,Lec,9938,O,Open26/80,26/80,26,80,,Th,4:30PM-7:15PM,4:30 PM,7:15 PM,2201 Engineering Building 3,"Jhala,Arnav H",08/22/22 - 12/05/22
591,Special Topics In Computer Science,3,Prerequisite: B average in technical subjects,1,Lec,8970,O,Open16/30,16/30,16,30,,T/Th,10:15AM-11:30AM,10:15 AM,11:30 AM,4106 James B Hunt Jr Centenni,"Mueller,Rainer Frank",08/22/22 - 12/05/22
591,Special Topics In Computer Science,3,Prerequisite: B average in technical subjects,3,Lec,6691,W,Waitlist0/20 (0),0/20,0,20,0,T,4:30PM-7:15PM,4:30 PM,7:15 PM,1229 Engineering Building 2,"Jhala,Arnav H",08/22/22 - 12/05/22
591,Special Topics In Computer Science,3,Prerequisite: B average in technical subjects,21,Lec,5446,O,Open17/120,17/120,17,120,,T/Th,11:45AM-1:00PM,11:45 AM,1:00 PM,2336 Fitts-Woolard Hall,"Menzies,Timothy James",08/22/22 - 12/05/22
591,Special Topics In Computer Science,3,Prerequisite: B average in technical subjects,25,Lec,10671,C,Closed0/20,0/20,0,20,,F,8:30AM-11:15AM,8:30 AM,11:15 AM,2201 Engineering Building 3,"Shen,Xipeng",08/22/22 - 12/05/22
591,Special Topics In Computer Science,3,Prerequisite: B average in technical subjects,69,Lec,8058,W,Waitlist0/20 (0),0/20,0,20,0,M/W,10:15AM-11:30AM,10:15 AM,11:30 AM,2015 Engineering Building I,"Eun,Do Young",08/22/22 - 12/05/22
591,Special Topics In Computer Science,3,Prerequisite: B average in technical subjects,78,Lec,8685,O,Open4/10,04-10,4,10,,T/Th,3:00PM-4:15PM,3:00 PM,4:15 PM,1230 Engineering Building 2,"Guvenc,Ismail",08/22/22 - 12/05/22
591,Special Topics In Computer Science,3,Prerequisite: B average in technical subjects,80,Lec,8955,O,Open7/10,07-10,7,10,,M/W,4:30PM-5:45PM,4:30 PM,5:45 PM,2220 Engineering Building 3,"Aysu,Aydin",08/22/22 - 12/05/22
591,Special Topics In Computer Science,3,Prerequisite: B average in technical subjects,84,Lec,9351,O,Open10/25,10-25,10,25,,M/W,4:30PM-5:45PM,4:30 PM,5:45 PM,2207 Engineering Building 3,"Lin,Shih-Chun",08/22/22 - 12/05/22
591,Special Topics In Computer Science,3,Prerequisite: B average in technical subjects,604,Lec,5214,O,Open10/10,10-10,10,10,,,TBD,TBD,TBD,,Staff,08/22/22 - 12/05/22
591,Special Topics In Computer Science,3,Prerequisite: B average in technical subjects,608,Lec,11224,O,Open30/30,30/30,30,30,,,TBD,TBD,TBD,Distance Education - Online,"Guvenc,Ismail",08/22/22 - 12/05/22
591,Special Topics In Computer Science,3,Prerequisite: B average in technical subjects,611,Lec,10430,O,Open30/30,30/30,30,30,,,TBD,TBD,TBD,Distance Education - Online,"Lin,Shih-Chun",08/22/22 - 12/05/22
600,Computer Science Graduate Orientation,1,"Introduction for new graduate students to [a] information about graduate program, department, and university resources, and [b] research projects conducted by CSC faculty.",1,Lec,1960,O,Open177/200,177/200,177,200,,F,12:50PM-1:40PM,12:50 PM,1:40 PM,1025 Engineering Building 2,"Healey,Christopher GrahamRouskas,Georgios",08/22/22 - 12/05/22
600,Computer Science Graduate Orientation,1,"Introduction for new graduate students to [a] information about graduate program, department, and university resources, and [b] research projects conducted by CSC faculty.",2,Lec,5553,O,Open77/100,77/100,77,100,,F,12:50PM-1:40PM,12:50 PM,1:40 PM,1021 Engineering Building 2,"Healey,Christopher GrahamRouskas,Georgios",08/22/22 - 12/05/22
600,Computer Science Graduate Orientation,1,"Introduction for new graduate students to [a] information about graduate program, department, and university resources, and [b] research projects conducted by CSC faculty.",601,Lec,1961,O,Open40/40,40/40,40,40,,,TBD,TBD,TBD,Distance Education - Online,"Rouskas,Georgios",08/22/22 - 12/05/22
630,Master's Independent Study, 1 - 3,Individual investigation of topics under the direction of member[s] of the graduate faculty.,1,Ind,1962,O,Open100/100,100/100,100,100,,,TBD,TBD,TBD,,Staff,08/22/22 - 12/05/22
690,Master's Examination, 1 - 9,Prerequisite: Master's student,1,The,1966,O,Open100/100,100/100,100,100,,,TBD,TBD,TBD,,Staff,08/22/22 - 12/05/22
693,Master's Supervised Research, 1 - 9,Prerequisite: Master's student,1,Res,1967,O,Open100/100,100/100,100,100,,,TBD,TBD,TBD,,Staff,08/22/22 - 12/05/22
695,Master's Thesis Research, 1 - 9,Prerequisite: Master's student,1,Res,1968,O,Open98/100,98/100,98,100,,,TBD,TBD,TBD,,Staff,08/22/22 - 12/05/22
699,Master's Thesis Preparation, 1 - 9,Prerequisite: Master's student,1,The,1969,O,Open100/100,100/100,100,100,,,TBD,TBD,TBD,,Staff,08/22/22 - 12/05/22
711,Geospatial Data Management,3,Also listed as: GIS 711 ,1,Lec,12007,W,Waitlist0/5 (1),0/5,0,5,1,T,4:30PM-7:15PM,4:30 PM,7:15 PM,1109 Jordan Hall,"Vatsavai,Ranga Raju",08/22/22 - 12/05/22
791,Advanced Topics In Computer Science,3,Advanced topics of current interest in computer science not covered by existing courses.,1,Lec,12008,R,Reserved18/20,18/20,18,20,,T/Th,4:30PM-5:45PM,4:30 PM,5:45 PM,1231 Engineering Building 2,"Matsuda,Noboru",08/22/22 - 12/05/22
791,Advanced Topics In Computer Science,3,Advanced topics of current interest in computer science not covered by existing courses.,12,Lec,9179,O,Open10/30,10-30,10,30,,M/W,3:00PM-4:15PM,3:00 PM,4:15 PM,2232 Engineering Building 3,"Singh,Munindar P",08/22/22 - 12/05/22
791,Advanced Topics In Computer Science,3,Advanced topics of current interest in computer science not covered by existing courses.,21,Lec,7428,O,Open12/20,12-20,12,20,,T/Th,11:45AM-1:00PM,11:45 AM,1:00 PM,2336 Fitts-Woolard Hall,"Menzies,Timothy James",08/22/22 - 12/05/22
791,Advanced Topics In Computer Science,3,Advanced topics of current interest in computer science not covered by existing courses.,25,Lec,10673,W,Waitlist0/20 (1),0/20,0,20,1,F,8:30AM-11:15AM,8:30 AM,11:15 AM,2201 Engineering Building 3,"Shen,Xipeng",08/22/22 - 12/05/22
791,Advanced Topics In Computer Science,3,Advanced topics of current interest in computer science not covered by existing courses.,603,Lec,6302,O,Open30/30,30/30,30,30,,,TBD,TBD,TBD,Distance Education - Online,"Singh,Munindar P",08/22/22 - 12/05/22
801,Seminar in Computer Science,3,Prerequisite: Graduate standing,1,Pro,1970,O,Open22/45,22/45,22,45,,F,9:35AM-12:20PM,9:35 AM,12:20 PM,1226 Engineering Building 2,"Dutta,Rudra",08/22/22 - 12/05/22
830,Doctoral Independent Study, 1 - 3,Individual investigation of advanced topics under the direction of member[s] of the graduate faculty.,1,Ind,1972,O,Open100/100,100/100,100,100,,,TBD,TBD,TBD,,Staff,08/22/22 - 12/05/22
885,Doctoral Supervised Teaching, 1 - 3,Prerequisite: Doctoral student,1,Lec,1973,O,Open100/100,100/100,100,100,,,TBD,TBD,TBD,,Staff,08/22/22 - 12/05/22
890,Doctoral Preliminary Exam, 1 - 9,Prerequisite: Doctoral student,1,The,1974,O,Open90/100,90/100,90,100,,,TBD,TBD,TBD,,Staff,08/22/22 - 12/05/22
893,Doctoral Supervised Research, 1 - 9,Prerequisite: Doctoral student,1,Res,1975,O,Open165/200,165/200,165,200,,,TBD,TBD,TBD,,Staff,08/22/22 - 12/05/22
895,Doctoral Dissertation Research, 1 - 9,Prerequisite: Doctoral student,1,Res,1976,O,Open100/100,100/100,100,100,,,TBD,TBD,TBD,,Staff,08/22/22 - 12/05/22
899,Doctoral Dissertation Preparation, 1 - 9,Prerequisite: Doctoral student,1,The,1977,O,Open100/100,100/100,100,100,,,TBD,TBD,TBD,,Staff,08/22/22 - 12/05/22
